channel_id,channel_name,category,subscribers,total_views,total_videos,recent_video_count,avg_recent_views,median_recent_views,avg_duration_seconds,posting_interval_days,avg_engagement_rate,view_per_subscriber,latest_video_title,latest_video_url,latest_video_views,latest_video_published_at
UCX6OQ3DkcsbYNE6H8uQQuVA,MrBeast,Entertainment,454000000,102969039827,928,8,49070025.75,42713815.0,375.38,2.14,0.0228,226.8041,How Many People to Pull a Plane?,https://www.youtube.com/watch?v=U-x6KxH1kB4,20156908,2025-12-06T19:55:52+00:00
UCq-Fj5jknLsUf-MWSy4_brA,T-Series,Music,308000000,322559969179,24944,8,25045.62,15038.0,139.75,0.03,0.0405,1047.2726,"Tu Pehli Tu Aakhri (Full Video) Aryan|Shashwat,Arijit,Kumaar|Lakshya,Sahher|The Ba***ds Of Bollywood",https://www.youtube.com/watch?v=2pWyTXONC6s,6210,2025-12-10T12:31:37+00:00
UCbCmjCuTUZos6Inko4u57UQ,Cocomelon - Nursery Rhymes,Kids,199000000,212476018350,1826,8,772940.75,650402.5,107.0,0.74,0.0075,1067.7187,Count the Beach Toys! 1🔴2🟡3🔵4🟢 Learn Colors,https://www.youtube.com/watch?v=sxP9XyK3zbo,79682,2025-12-10T12:01:54+00:00
UCpEhnqL0y41EpW2TvWAHD7Q,SET India,TV,188000000,184126445484,163150,8,1736.25,680.0,1667.12,0.03,0.012,979.396,'Kay Sera Sera' पर Manasi-Srijan के Duo ने कर दिया कमाल | Indian Idol S15 | Party All Night,https://www.youtube.com/watch?v=X1t2A77CMLQ,3,2025-12-10T13:45:03+00:00
UCvlE5gTbOvjiolFlEm-c_Ow,Vlad and Niki,Kids,148000000,115772217045,974,8,3557433.62,3403643.5,1321.25,2.43,0.0031,782.2447,Kids learn the importance of healthy food,https://www.youtube.com/watch?v=yAwJ3vRieUY,2658093,2025-12-06T10:01:43+00:00
UCk8GzjMOrta8yxDcKfylJYw,✿ Kids Diana Show,Kids,137000000,121116831236,1495,8,478165.0,493904.5,991.0,1.13,0.0057,884.0645,Kids Pretend to Be Babies for 24 Hours,https://www.youtube.com/watch?v=juS5R6cStTE,18633,2025-12-10T11:30:55+00:00
UCJ5v_MCY6GNUBTO8-D3XoAg,WWE,Sports,111000000,100312667180,89671,8,119833.12,93278.0,229.38,0.06,0.0447,903.7177,John Cena talking about his dad had us all emotional 🥹,https://www.youtube.com/watch?v=McE7I4wsrWQ,11062,2025-12-10T13:00:49+00:00
UC-lHJZR3Gqxm24_Vd_AJ5Yw,PewDiePie,Gaming,110000000,29441167274,4653,8,2977708.12,2564892.0,1680.5,17.57,0.0623,267.647,Everything is different..,https://www.youtube.com/watch?v=gV_AnL2o3D0,1402139,2025-11-27T17:01:27+00:00
UCffDXn7ycAzwL2LDlbyWOTw,Canal KondZilla,Music,68000000,39945328219,3460,8,18374.25,11083.0,99.62,1.68,0.0148,587.4313,TÁ NA PISTA! 🤘🏾🔥 Assista agora “Se Ex Fosse Boa (Guns N Funk)”. 🫵🏽▶️,https://www.youtube.com/watch?v=Rb-7QzpmEak,5764,2025-12-08T15:53:45+00:00
UC_A7K2dXFsTMAciGmnNxy-Q,Saregama Music,Trending,59700000,30386579307,10348,8,4461147.0,86791.0,533.62,1.04,0.0249,508.9879,"Dhurandhar - Extended Album | Ranveer Singh, Shashwat Sachdev, Akshaye, Sanjay, R. Madhavan, Arjun",https://www.youtube.com/watch?v=7kJ6kQznl20,38216,2025-12-10T10:30:06+00:00
UC9TO_oo4c_LrOiKNaY6aysA,Daddy Yankee,Trending,41000000,26784002947,583,8,1876597.5,545679.5,109.75,21.75,0.0427,653.2684,Daddy Yankee - Jezabel Y Judas  (Video Oficial),https://www.youtube.com/watch?v=ssvHIzxHBz8,828018,2025-12-10T00:44:30+00:00
UCzYfz8uibvnB7Yc1LjePi4g,Aphmau,Trending,24400000,27944654651,5538,8,471040.12,438167.0,1202.0,1.0,0.0251,1145.2727,ONE SHEEP at a WOLF SLEEPOVER in Minecraft!,https://www.youtube.com/watch?v=rjGTqjQUlGM,220370,2025-12-09T21:08:33+00:00
UCn4rEMqKtwBQ6-oEwbd4PcA,Sony Music South,Trending,21100000,19614841622,5070,8,389594.75,11628.5,300.5,0.19,0.0327,929.6133,The voice of Shruti 😍 Yellae Lama,https://www.youtube.com/watch?v=Abwj3SvEfSI,4328,2025-12-10T12:30:14+00:00
UCKy1dAqELo0zrOtPkf0eTMw,IGN,Trending,19600000,20622359841,176383,8,42841.0,22001.0,50.75,0.01,0.0237,1052.1612,EPiC: Elvis Presley in Concert - Official Teaser Trailer (2026) Documentary,https://www.youtube.com/watch?v=d0BWIStpUhc,21886,2025-12-10T04:00:38+00:00
UC1sELGmy5jp5fQUugmuYlXQ,Minecraft,Trending,17900000,3007507772,1299,8,1235287.88,471202.5,148.25,1.69,0.0559,168.0172,MOUNTS OF MAYHEM | Official Trailer,https://www.youtube.com/watch?v=79RwQe6EN_4,504771,2025-12-09T16:00:11+00:00
UC-2Y8dQb0S6DtpxNgAKoJKA,PlayStation,Trending,16700000,5902632590,26280,8,18511.62,11927.5,84.5,0.11,0.0595,353.4511,Cyberpunk 2077 - City of Legends 5th Anniversary Trailer | PS5 & PS4 Games,https://www.youtube.com/watch?v=T0IXEiU4JMI,61931,2025-12-10T11:00:55+00:00
UC2wKfjlioOCLP4xQMOWNcgg,Typical Gamer,Trending,15900000,5567606046,6178,8,269116.88,316361.0,15305.12,0.86,0.0145,350.1639,🔴 LIVE! - WINNING *RANKED MODE* in FORTNITE!,https://www.youtube.com/watch?v=xl_t700YjM0,384466,2025-12-10T09:12:30+00:00
UCxsk7hqE_CwZWGEJEkGanbA,KreekCraft,Trending,15800000,6307808238,6394,8,890353.75,846007.0,5398.12,0.18,0.022,399.2284,HUGE ROBLOX UPDATE 😱,https://www.youtube.com/watch?v=hCPjuDznp-M,708193,2025-12-10T03:59:41+00:00
UCJHBJ7F-nAIlMGolm0Hu4vg,Maizen,Trending,15500000,13143931971,1208,8,1034082.12,833614.5,929.38,1.57,0.0102,847.9956,Who Will Win This Race? - Maizen Animation Cartoon #shorts #animation,https://www.youtube.com/watch?v=yWPcxNQuKaQ,5366,2025-12-10T11:02:02+00:00
UClG8odDC8TS6Zpqk9CGVQiQ,Fortnite,Kids,13300000,3208203325,1854,8,740883.38,354146.5,29.88,0.44,0.0552,241.2183,Coming Soon: Playboi Carti,https://www.youtube.com/watch?v=FkRUJKTISpA,163461,2025-12-09T22:00:02+00:00
UC0eLBYhxW9HC0P9PXQ73mpQ,Cash,Trending,10400000,2952522221,1290,8,536954.5,484093.5,1192.62,1.57,0.0139,283.8964,PARENTS vs KIDS Hide and Seek in Minecraft!,https://www.youtube.com/watch?v=gESFahpo2lw,336376,2025-12-09T15:01:26+00:00
UCdI8evszfZvyAl2UVCypkTA,MileyCyrusVEVO,Trending,9940000,7650395731,170,8,2342548.38,552252.0,318.12,32.26,0.0355,769.6575,Miley Cyrus - Dream As One (from Avatar: Fire and Ash - Official Video),https://www.youtube.com/watch?v=6rrSeNLcsTE,274278,2025-12-09T17:00:11+00:00
UCh5mLn90vUaB1PbRRx_AiaA,MoreSidemen,Trending,9460000,5792687415,1395,8,1269664.0,1325185.5,1227.25,1.74,0.0382,612.3348,SIDEMEN AMONG US TOMAHAWK ROLE,https://www.youtube.com/watch?v=eNUsFZRBJ8o,1690340,2025-12-09T18:15:06+00:00
UC63anZxfVGHUEmfBAf5w7pw,CaseOh,Trending,9330000,1821085462,2029,8,230336.62,191377.0,2489.75,0.45,0.0568,195.186,These People Deserve Legitimate Jail Time,https://www.youtube.com/watch?v=q_rNXd6NQ3o,25545,2025-12-10T02:00:58+00:00
UCRkuUgtDAL4XSU5jB40J_wA,Foltyn,Trending,8610000,2718177058,1671,8,807591.0,686106.5,1417.25,0.57,0.0207,315.7,Steal A Brainrot But There's An ADMIN Board..,https://www.youtube.com/watch?v=o0-YQyU5Nxs,352467,2025-12-10T04:05:52+00:00
UCETZ7OiW7-wqwb-6hsz3C4w,Bionic,Trending,8490000,2737146262,959,8,549787.12,633690.0,1817.0,1.0,0.0295,322.3965,"Anything You Mine, Gives You Money!",https://www.youtube.com/watch?v=URN27-m6ju4,273401,2025-12-10T00:00:41+00:00
UChO8h2G8UjOVc081rgYU8XQ,Vibe Music,Trending,7600000,7038378673,2082,8,11496.12,7445.5,184.88,0.57,0.0218,926.1025,Luke Combs - Giving Her Away (Lyrics),https://www.youtube.com/watch?v=X8UeZ54PNvs,2281,2025-12-09T21:50:00+00:00
UCsPMNatXCwqyUuJilBT73jg,CaylusBlox,Trending,7400000,2297574753,612,8,1668544.12,1255116.0,1504.25,0.44,0.0186,310.4831,Taco Tuesday ADMIN ABUSE + New Brainrot!,https://www.youtube.com/watch?v=ydPLDySHxuQ,1555085,2025-12-09T23:47:10+00:00
UCQJWtTnAHhEG5w4uN0udnUQ,Prime Video,Trending,7330000,5503431556,7857,8,48228.12,30262.0,1523.88,0.17,0.0502,750.8092,Leader of the group project. | Hazbin Hotel | Prime Video,https://www.youtube.com/watch?v=io-MaqBWSUk,26234,2025-12-09T22:00:50+00:00
UCOpcACMWblDls9Z6GERVi1A,Screen Junkies,Trending,6770000,3060302062,1558,8,161855.88,39502.5,210.62,2.86,0.03,452.0387,Honest Trailers | Stranger Things S5 (Part 1),https://www.youtube.com/watch?v=sDTjlkt79O4,205105,2025-12-09T18:01:08+00:00
UCFctpiB_Hnlk3ejWfHqSm6Q,The Official Pokémon YouTube channel,Trending,6700000,2541797102,3757,8,138414.88,55059.0,2989.12,1.0,0.0378,379.3727,Pokémon Legends: Z-A – Mega Dimension | Official Launch Trailer,https://www.youtube.com/watch?v=VnzCyRyPugM,533782,2025-12-09T14:02:40+00:00
UCYn6CZe5UGIyPe9WJb0pTrg,Top5Gaming,Trending,6500000,3284532900,2155,8,420779.38,284780.5,237.75,0.72,0.0273,505.3128,Our FIRST CROSSOVER In Fortnite WINTERFEST!,https://www.youtube.com/watch?v=RKRGZRCz3b8,202472,2025-12-09T22:14:12+00:00
UCjiXtODGCCulmhwypZAWSag,Jynxzi,Trending,5760000,1955048549,1784,8,328835.88,294107.5,4758.88,0.3,0.0297,339.4182,Solo Q Ranked,https://www.youtube.com/watch?v=aImEW5j78nc,285635,2025-12-10T02:51:36+00:00
UCzzF1kdBgwv5RB6rbB6kVSA,Tyler & Snowi,Trending,5320000,2681991381,1161,8,1033107.38,1046305.0,2645.5,1.01,0.0319,504.1337,I DONT WANNA do my CHORES..,https://www.youtube.com/watch?v=DNfZY-8fW28,429654,2025-12-10T01:04:00+00:00
UC7c8wbA9yQjzxkj2uyrHrkg,steak,Trending,4930000,1587851596,2490,8,987280.5,356166.5,1622.62,0.32,0.0332,322.0794,THANK YOU SAMMY..,https://www.youtube.com/watch?v=TedZ4JawSxY,693915,2025-12-10T00:09:50+00:00
UCLRlryMfL8ffxzrtqv0_k_w,KinoCheck.com,Trending,4910000,4049282538,8156,8,5847.0,6585.5,110.88,0.26,0.03,824.7011,ZOOTOPIA 3: Fans Discover Teaser for the Next Movie! - KinoCheck News,https://www.youtube.com/watch?v=RwMUkazrlm0,287,2025-12-10T12:04:19+00:00
UC7yRILFFJ2QZCykymr8LPwA,New Rockstars,Trending,4320000,2113767402,4001,8,118064.25,122787.0,2327.62,0.56,0.0391,489.298,Avengers Doomsday Trailer IMMINENT?! How A New Endgame Post-Credit Scene Could CONNECT EVERYTHING!,https://www.youtube.com/watch?v=NnUvInFqnCs,156916,2025-12-09T20:33:15+00:00
UCQeRaTukNYft1_6AZPACnog,Asmongold TV  ,Trending,4220000,4646670805,6522,8,487539.88,495138.5,1988.62,0.29,0.0487,1101.1068,I've been playing League off stream..,https://www.youtube.com/watch?v=Y7ssEQd8QPU,22610,2025-12-10T13:03:47+00:00
UC2uQvUg3YYzoOtj1yZLT0Ow,FoltynPlays,Trending,4170000,751804864,1050,8,419773.88,370557.5,950.5,1.73,0.0285,180.2889,I Built the DEADLIEST BASE in 99 Nights in the Forest!,https://www.youtube.com/watch?v=aS2kRCJaQO4,321454,2025-12-09T19:53:37+00:00
UCz9yS18zJGQObwUL_K-ICnw,KarolGVEVO,Trending,3900000,25291480642,135,8,456718.0,112632.0,196.12,11.32,0.0331,6484.995,KAROL G - Ivonny Bonita (Official Video),https://www.youtube.com/watch?v=YcBUfrOguRQ,2651622,2025-12-07T23:00:43+00:00
UC1HL3TABt6QGd_P857BH_CA,Evbo,Trending,3730000,1199492322,162,8,2003639.0,1967627.5,1908.88,38.29,0.0287,321.5797,Minecraft but I become the PARKOUR GOD in PVP CIVILIZATION,https://www.youtube.com/watch?v=AYRJP6UKPeA,251801,2025-12-09T23:12:48+00:00
UCY0R0Ck6qK2deVTKkfWJIEA,CashBlox,Trending,3670000,1371246523,1010,8,823278.75,835041.5,1009.62,1.0,0.0381,373.6367,"Going 9,513,724 MPH in Roblox ride a cart down a SLIDE…",https://www.youtube.com/watch?v=uChCQ92lr4Q,29204,2025-12-10T12:23:18+00:00
UClyGlKOhDUooPJFy4v_mqPg,DougDoug,Trending,3070000,759529118,233,8,1215270.12,1218110.5,2166.12,16.85,0.0521,247.4036,"Chess, but every piece is controlled by a viewer",https://www.youtube.com/watch?v=x0clwyeECs8,534458,2025-12-09T21:32:07+00:00
UClylk2CQZtH7bSOuNJ66k4A,ImStillDontai,Trending,3000000,1159542008,3056,8,78254.5,50237.5,1748.88,0.13,0.0622,386.514,ImDOntai Reacts To Ash vs Yugi Death Battle,https://www.youtube.com/watch?v=OPxXvS9gnGU,29645,2025-12-09T20:06:48+00:00
UCn0JHLJWiO3_Y5xfNPcF_Ug,Christmas Songs and Carols - Love to Sing,Trending,2930000,1637018441,1141,8,454895.75,266069.5,7030.25,0.86,0.0111,558.7094,Top Christmas Songs of All Time 🎅 Best Christmas Music 2026,https://www.youtube.com/watch?v=LGL1GUGEQhs,816,2025-12-10T11:15:05+00:00
UCIIPl-DSCC0prKxGGnJrdGQ,Austin John Plays,Trending,2510000,758269710,1393,8,168661.25,154463.0,620.75,2.64,0.0396,302.0995,Every NEW MEGA & Returning Pokemon in Legends Z-A Mega Dimension,https://www.youtube.com/watch?v=WyBF5pSRz_Y,149049,2025-12-10T03:29:31+00:00
UCifRgVk-GEo1_vvf8x53t6A,Soup,Trending,2420000,771800902,1111,8,208812.0,200284.5,3967.38,2.71,0.0587,318.926,minecraft let’s play episode #1 ,https://www.youtube.com/watch?v=CzBhB1KHvEI,145816,2025-12-09T22:01:32+00:00
UC86Zlc-v_kkZ-yKG2cJZkxQ,CeCe Winans,Trending,2360000,1042774170,580,8,57545.25,38897.0,58.12,1.56,0.0452,441.8535,National Anthem - CeCe Winans - Thanksgiving Day,https://www.youtube.com/watch?v=uPoAFIKS5Fg,34591,2025-12-09T16:26:29+00:00
UC9bZ9eWvF0eXVqrxK9ve7Nw,theofficialGloRilla,Trending,2340000,1763746992,123,8,524648.75,116936.5,71.88,19.53,0.0514,753.738,GloRilla - Special (Official Music Video),https://www.youtube.com/watch?v=_l6KI3Egrfo,1963918,2025-12-08T18:01:06+00:00
UCvZHe-SP3xC7DdOk4Ri8QBw,Bethesda Softworks,Trending,2090000,718461718,1311,8,31103.0,14877.5,2665.12,3.66,0.0692,343.7616,Skyrim - Nintendo Switch 2 Reveal Trailer,https://www.youtube.com/watch?v=nHxhOQsSj6E,70286,2025-12-09T16:59:48+00:00
UCkyRXzzqd2DQVRu4xnc0GnA,KAYE,Trending,1910000,401260673,434,8,512115.38,418403.0,1379.75,0.53,0.0233,210.0841,All Steal A Brainrots Meet Their DARK VERSION..,https://www.youtube.com/watch?v=D_YstW0cAJ8,65687,2025-12-10T06:44:47+00:00
UCmkTBtGbf0gSPnHN_slNrOQ,Caleb Hyles,Trending,1810000,761670632,1082,8,25914.5,17133.0,65.25,2.57,0.0657,420.8125,BRIGHTER [Metal Ver.] - Hazbin Hotel (Sam Haft) - Caleb Hyles Cover,https://www.youtube.com/watch?v=h_TAtDWN_X8,51596,2025-12-09T22:30:25+00:00
UCOb-ws0S8DmfU4nq4M4z6Rw,Aimin,Trending,1660000,509654955,408,8,1846086.0,1678289.5,635.0,4.56,0.0321,307.0211,They Gave Me Fredbear's Speed...,https://www.youtube.com/watch?v=-Xaqd9xzuOw,846754,2025-12-09T22:23:23+00:00
UCf5CjDJvsFvtVIhkfmKAwAA,Amazon MGM Studios,Trending,1650000,1558216128,2047,8,798773.38,2045.0,148.12,0.18,0.0277,944.3734,Nick and Noah's Most Passionate Moments | Culpa Mía & Culpa Tuya | Amazon MGM,https://www.youtube.com/watch?v=cKzAbvEpjZY,21913,2025-12-09T22:00:45+00:00
UCk2uxbWi5py_iJXaEsh2YRA,Spoke,Trending,1640000,175636095,96,8,1016522.88,1133162.5,8031.88,19.94,0.0291,107.0952,I Almost Got BANNED from the Unstable SMP...,https://www.youtube.com/watch?v=rmaDqwFVD0I,1214315,2025-12-09T14:01:35+00:00
UCyNzZ1wgkOWkzYE0zbs7zhA,Jynxzi Live,Trending,1570000,482769251,751,8,673724.0,661250.5,2382.62,2.46,0.0225,307.4963,Trying My Viewers Awful Clash Royale Decks,https://www.youtube.com/watch?v=LmisGVpmosg,228952,2025-12-10T00:22:09+00:00
UC0sEIyXXalzD1lbwm3D2xpA,RuPaul's Drag Race,Trending,1520000,1793316646,2746,8,35339.38,22543.0,28.75,0.97,0.0378,1179.8136,RuPaul’s Drag Race Season 18 🌟 Official Trailer,https://www.youtube.com/watch?v=pYgJZarzKxE,131078,2025-12-09T16:59:48+00:00
UCeBPTBz1oRnsWsUBnKNNKNw,Joe Bart Games,Trending,1300000,283007757,474,8,267102.12,232338.5,4053.5,1.1,0.0322,217.6983,The Bingo Bro V Bro Challenge,https://www.youtube.com/watch?v=nloMgl-ff3c,100704,2025-12-09T21:59:26+00:00
UCnepIUw_tvOatokJAB1yipA,MandJTV Plays,Trending,1190000,279822998,211,8,646256.62,699309.5,4622.5,38.58,0.0376,235.1454,"Pokémon Legends: Z-A, but I'm Team Sky",https://www.youtube.com/watch?v=VHx0-ZQUxMI,289010,2025-12-09T13:41:15+00:00
UC4CNA-IWaoPkPAXmovSJbCQ,Gseven Records,Trending,1110000,69533500,765,8,56679.88,9299.0,252.25,1.0,0.0056,62.6428,Ricky Martin - Livin' La Vida Loca (Lyrics),https://www.youtube.com/watch?v=qkTDyNWjs-g,85,2025-12-10T12:31:21+00:00
UCCo6EC0MOfJSnHbD3LI6iFA,spoonkid2,Trending,1090000,485201426,581,8,357487.88,354408.0,5770.38,7.62,0.0288,445.1389,they left every single door open,https://www.youtube.com/watch?v=qKhpBwjvgR8,71425,2025-12-10T05:23:24+00:00
UCPg-XofllkL7388IpY1msBA,Lady Luck HQ,Trending,1050000,771626790,4021,8,253705.75,207447.0,1506.38,0.54,0.0424,734.8827,The Moment I Saw TRIPLE MAJOR I Knew We Won SIX-FIGURES!!,https://www.youtube.com/watch?v=OQkxwHFC4oc,215790,2025-12-09T21:30:04+00:00
UCWzmOSSiSPbVnVu3ZAyDx2w,Marvel Rivals,Trending,1030000,216380607,506,8,346055.12,225941.5,104.12,0.88,0.0748,210.0783,"Alone in the wild, unstoppable in the fight | Savage South Costume Reveal | #MarvelRivals",https://www.youtube.com/watch?v=jO2bMYOGZyM,231629,2025-12-09T20:00:45+00:00
UClG1AcuVOU5Cn-ivHm3JRoA,The Cosmic Wonder,Trending,985000,430312844,3341,8,42516.0,34089.5,622.38,0.87,0.0479,436.8658,BREAKING! AVENGERS DOOMSDAY LEAKED TRAILER DETAILS & CAMEOS,https://www.youtube.com/watch?v=LcRoiPSYNDk,39859,2025-12-09T21:44:09+00:00
UChK0KzE7fazKdo4IfLBk9RQ,SMii7Yplays,Trending,985000,69803584,63,8,483381.75,526879.5,4623.38,7.31,0.0456,70.8666,This Game is Nothing but Rage Bait,https://www.youtube.com/watch?v=K8iIChVrFl4,307279,2025-12-09T23:13:00+00:00
UCiDzN_KnO_cQ1ss1Y1gxb5g,imferse - ,Trending,925000,530003865,874,8,20397.0,2204.0,205.75,1.01,0.012,572.9772,"Ryan Castro ""Richy"" & SOG - Mi Fortuna (Letra)",https://www.youtube.com/watch?v=zK2G4iIbN_s,730,2025-12-09T16:31:50+00:00
UC3DlDcaefUYr-1skxaiLxVw,Joxy,Trending,820000,44379033,206,8,530980.5,534162.5,103.0,0.04,0.0193,54.1208,STEAL A BRAINROT GIVEAWAY LIVE | STEAL A BRAINROT FREE SECRETS + FREE BRAINROT GODS,https://www.youtube.com/watch?v=Pdr8E4fz3dU,521522,2025-12-10T10:28:44+00:00
UCeDlzhpU8NZAlL1rsXp54zQ,AlofokeMusicSounds,Trending,788000,125196961,19,8,4764361.25,5068721.5,150.38,4.91,0.0535,158.8794,EL CAPITAN ALO X LA PERVERSA X JLEXIS X MICHAEL FLORES X ALOFOKE MUSIC - NO ESTAMOS HABLANDO DE TI,https://www.youtube.com/watch?v=OWLJ0I7xI1c,1287966,2025-12-08T00:44:14+00:00
UCs-w7E2HZWwXmjt9RTvBB_A,Settled,Trending,768000,144125017,245,8,659882.38,575633.5,4739.75,32.75,0.0503,187.6628,the second island | Sailing Locked (#2),https://www.youtube.com/watch?v=BBlqpNlGgaQ,220851,2025-12-10T02:37:57+00:00
UCoJ2B8qqG_OBth7RJQ893YQ,Redman,Trending,623000,233135156,220,8,28724.12,6455.0,178.62,3.9,0.0932,374.2137,Redman - Don't Give AF [J@q Boi Be@tz],https://www.youtube.com/watch?v=XRsX_7EZT_s,33547,2025-12-10T02:00:07+00:00
UClCWVnDiDSKbm94eKcxSkpQ,Bluff,Trending,620000,504307800,1094,8,137792.0,136606.0,1943.75,0.71,0.0384,813.3997,I Took My Slot Machine Profits to Table Games,https://www.youtube.com/watch?v=gVAuwA-Fhsw,131776,2025-12-09T17:01:16+00:00
UCD9qy7cc3bb5rrMjJ9tRTTA,Digital Car Addict,Trending,614000,258309777,3885,8,36322.88,14989.0,1615.0,0.95,0.1015,420.7,GTA 5 - DLC Vehicle Customization - Vapid FMJ Mk V (Ford GT Mk IV),https://www.youtube.com/watch?v=ZytzspjcCMM,3861,2025-12-10T13:05:30+00:00
UCGX5ZjXJidhFuh_eLhniOjA,KENNY HAITI,Trending,586000,144835868,63,8,556296.62,10706.0,196.5,58.13,0.0447,247.1602,Kenny Haiti -  LanmoU Pa PoU MweN ( Visualizer/Lyrics ),https://www.youtube.com/watch?v=GVrx0_xrHu4,48529,2025-12-10T00:00:06+00:00
UCGxYHAR9f_leP1yXDXNNDsA,Fir,Trending,583000,141885852,178,8,288599.38,221314.0,3672.62,19.18,0.0475,243.372,Hiding in IMPOSSIBLE SPOTS in SMO Geoguesser,https://www.youtube.com/watch?v=R_Mw1CySW2c,148042,2025-12-09T23:51:25+00:00
UCZrNwndjBz4ujOLBWm51Fug,MozzyVEVO,Trending,497000,1246951446,382,8,407261.12,302889.0,197.75,17.54,0.0235,2508.9566,Mozzy - BUICK TO BENZ (Official Video),https://www.youtube.com/watch?v=zsD31nW2tZ8,351623,2025-12-08T22:38:00+00:00
UCrLar1K8tHn5Lg-cAm_5Kcw,JahshiiMusic,Trending,459000,157020546,47,8,457304.38,177064.0,177.75,30.74,0.0539,342.0927,Jahshii - AKtion (Official Video),https://www.youtube.com/watch?v=yj3iiQ1fX4c,62852,2025-12-10T05:01:14+00:00
UCpXyxLahbn7vZfR5fexenuw,Flats Two,Trending,396000,351669975,2223,8,130204.0,84182.0,467.0,1.46,0.0527,888.0555,Well it didn't take long for Luna to get buffed again,https://www.youtube.com/watch?v=6Z8lKDsS0M8,57247,2025-12-10T01:15:01+00:00
UCXSHOjS30YMaGRgwuuxBfLw,ChronicLawVEVO,Trending,387000,1178896425,547,8,281028.5,200638.5,170.38,3.01,0.0406,3046.244,"Chronic Law, Dj Mac - Badness Upgrade 2.0  (Official Music Video) | WYFLRIDDIM",https://www.youtube.com/watch?v=llyL60rMDNk,361334,2025-12-08T21:01:04+00:00
UCSo-bBeqCDsVGbOv6nxgZwQ,Legends6K,Trending,384000,76918095,2005,8,20444.75,18589.5,13274.62,0.57,0.017,200.3075,the #1 WARZONE REBIRTH Player + NEW UPDATE,https://www.youtube.com/watch?v=_LGsIuxRqt0,45420,2025-12-10T12:45:29+00:00
UCf7WOF7QcF5dWpUUU225JgQ,TommyLeeSpartaVEVO,Trending,195000,604747590,260,8,912829.88,594626.5,198.0,7.91,0.0465,3101.2697,Tommy Lee Sparta - Crown Clown (Official Music Video),https://www.youtube.com/watch?v=VtqwcQ6ay5k,515035,2025-12-09T04:32:29+00:00
UCa2MXjBtWn91WPHWRBCLI6Q,Teaser Universe,Trending,164000,74450262,302,8,37293.88,28108.0,66.5,0.42,0.0219,453.965,Avengers: Doomsday - First Trailer (2026) Robert Downey Jr | Marvel Studios,https://www.youtube.com/watch?v=9CcLoCygAPM,76944,2025-12-09T15:30:06+00:00
UCuRYugT7op_l3_DTTHFxLKw,Shawn Storm Official,Trending,159000,25084907,199,8,39076.5,34951.0,161.88,14.91,0.0729,157.7667,Shawn Storm - Who Dat (Masicka Diss) ,https://www.youtube.com/watch?v=4R2jKJZ-MWY,63504,2025-12-09T22:04:08+00:00
UCoByr6Sz13cOrXPhxDEN3Dg,Necros2,Trending,149000,102574157,679,8,80258.88,38634.5,761.88,0.71,0.0379,688.4172,ROGUE IS FINALLY HERE,https://www.youtube.com/watch?v=XCv-B5g37v8,53130,2025-12-09T18:30:45+00:00
UCODOKcX4c0q6FBCxQCLIj-g,Film Stocked,Trending,146000,102790635,3056,8,60527.38,45667.5,558.25,1.15,0.0712,704.0454,STRANGER THINGS SEASON 5 VOLUME 2 EPISODE RUNTIME PREDICTIONS!,https://www.youtube.com/watch?v=m0M54I7u_KM,27053,2025-12-10T02:23:08+00:00
UCmiCK8aqFP3Fx4-SHWKZLsA,Red Barrels,Trending,145000,22543738,178,8,64099.75,43478.0,68.0,0.97,0.0812,155.4741,#TheOutlastTrials Project Messiah Season 5 update OUT NOW!,https://www.youtube.com/watch?v=UvcCdQMdZWI,18203,2025-12-09T17:35:32+00:00
UCOzaso7QxXulLZc9fXxcg5A,Cozy Rivals,Trending,143000,19023815,130,8,84484.5,77071.5,1191.38,3.82,0.051,133.0337,First Look at Every Hero Balance Change in Season 5.5 | HUGE Patch Breakdown | Marvel Rivals,https://www.youtube.com/watch?v=bPrKREbiyFM,123050,2025-12-09T18:54:42+00:00
UCACfJmh_OB_IcVxtZQoGYKQ,Tonton Malele,Trending,94800,31456483,55,8,267689.62,162947.0,266.0,79.88,0.0214,331.8194,Pasis - Tonton Malele,https://www.youtube.com/watch?v=nrt7Oz-eZSg,82056,2025-11-20T14:00:06+00:00
UCjJe1z4OSKKav9MLVEvXWfA,Aether Studios,Trending,84000,11497410,368,8,7934.0,2121.5,2036.0,3.08,0.0783,136.8739,La Reina Revealed! - Dev Stream 12/11/25,https://www.youtube.com/watch?v=yFx32wuwSek,0,2025-12-10T07:49:46+00:00
UCBw-DE5nWQdDtqfVNqahdyA,Kris Kringle,Trending,75500,28487900,51,8,54123.5,44831.5,7544.88,1.0,0.0219,377.3232,Best Christmas Songs of All Time 🎅🏼 Best 50 Christmas Songs Playlist 2026 🎄 Merry Christmas 2026,https://www.youtube.com/watch?v=YahgGSIt_zw,700,2025-12-10T10:30:30+00:00
UC7ZIAiWOUUqyrmQpboOe14Q,malues,Trending,68900,4621716,44,8,14304.12,9339.0,6362.38,27.53,0.1062,67.0786,TRAILER - LOVE OF THE S*N 2,https://www.youtube.com/watch?v=7BaaQ3X7E1g,38054,2025-12-09T21:04:08+00:00
UCfRoAXyhFDcQFJrHw0VZa1Q,Sauce Music,Trending,59700,22439631,707,8,164.12,141.5,191.88,0.29,0.1179,375.8732,King Atlanta – Icy Route Authority (Official AI Song),https://www.youtube.com/watch?v=taDab6918y0,62,2025-12-09T22:00:59+00:00
UCmYDmgiLm0SDNSkTSMI_snQ,JNR VIGI,Trending,29900,11993389,134,8,72855.88,35330.5,204.38,44.03,0.0397,401.1167,Jnr Vigi - Rocky,https://www.youtube.com/watch?v=thacqlp1p5A,1444,2025-12-10T09:05:33+00:00
UCGL2K4JZRKfnU91z40NsasQ,Sabor a Manzana,Trending,2710,5342566,74,8,831.75,762.0,228.25,0.56,0.1467,1971.4266,Kany García - Confieso (Letra),https://www.youtube.com/watch?v=C0VMdDpZ8tw,6,2025-12-10T13:28:39+00:00
UCrkF_lRGv6wuOZVNWCuOCuA,RIXELUS,Trending,1400,3943109,34,8,63399.75,10191.0,262.38,1.57,0.0062,2816.5064,Camila - Mientes (Letra),https://www.youtube.com/watch?v=AN8Z6riEbcE,1010,2025-12-08T21:15:06+00:00
UCl2L_-850syeto2fO8fQkzA,SeanRiiVEVO,Trending,1310,9418278,18,8,471358.75,180298.0,197.25,29.99,0.0217,7189.5252,"Sean Rii, Kymvn-J3H - Holim U Tait (Visualizer)",https://www.youtube.com/watch?v=DPGpKi-erhA,211671,2025-11-20T22:00:06+00:00
UC7fnqQfk8glMBRq6IMlFnOw,lemonni,Trending,775,1342957,39,8,102850.25,641.0,200.5,1.16,0.0127,1732.8477,Sia - Unstoppable (Lyrics),https://www.youtube.com/watch?v=toG53zueDi8,809,2025-12-09T20:58:54+00:00
UCsx0hdXoufYIHs73dVtDpog,Scribella,Trending,511,1171460,10,8,133250.75,4061.5,212.38,1.62,0.0075,2292.4853,Sin Bandera - Mientes Tan Bien (Letra),https://www.youtube.com/watch?v=5tOgxJE8l6Q,1411,2025-12-09T01:00:06+00:00
UC0Nd9eBGpXJ7Cvz_ncLsvvA,Alligator Lyrics,Trending,505,812326,17,8,59106.12,1214.0,194.38,1.0,0.0057,1608.5663,Beéle - Si Ta Pillara (Letra),https://www.youtube.com/watch?v=dymM6hfEvpI,57,2025-12-10T11:54:25+00:00
UC8Now12MQpRLi4S_kEyr0tw,Motbb Vibes - Topic,Trending,206,2184056,176,8,2954.62,2071.5,196.12,2.41,0.0598,10602.2136,Bodyguard (Thiago AfroChill Remix),https://www.youtube.com/watch?v=S8Xc0JQEh1Q,189,2025-12-09T15:03:32+00:00
UCEZB6wy7f1V_A3VSV5jNkyQ,LNRS - Topic,Trending,84,872386,39,8,22884.25,2208.5,195.0,8.63,0.0343,10385.5476,Puni Police (Remix),https://www.youtube.com/watch?v=brQKOnm398w,160457,2025-11-14T10:27:41+00:00
