channel_id,channel_name,category,subscribers,total_views,total_videos,recent_video_count,avg_recent_views,median_recent_views,avg_duration_seconds,posting_interval_days,avg_engagement_rate,view_per_subscriber,latest_video_id,latest_video_title,latest_video_url,latest_video_views,latest_video_published
UCX6OQ3DkcsbYNE6H8uQQuVA,MrBeast,Entertainment,458000000,105764197272,933,10,108201258.2,99334562,419.7,3.11,0.0208,230.93,7aE4EhHXzlA,I Paid Everyone Stuck in Traffic,https://www.youtube.com/watch?v=7aE4EhHXzlA,51461831,2025-12-26T17:00:05.000Z
UCq-Fj5jknLsUf-MWSy4_brA,T-Series,Music,308000000,325337604884,25093,10,32311.7,21527.5,462.4,0.11,0.0337,1056.29,H8awaqkAgSE,"CHANDNI 8K Full Song: Sachet Tandon, Parampara Tandon | B Praak, Jaani | Bhushan K",https://www.youtube.com/watch?v=H8awaqkAgSE,26028,2026-01-01T11:56:07.000Z
UCbCmjCuTUZos6Inko4u57UQ,Cocomelon - Nursery Rhymes,Kids,199000000,214618764678,1855,10,1147373.9,1399587,442.9,0.8,0.0068,1078.49,61cH5RhLjzY,Rainbow Ring Stacking Challenge! 🔴🟠🟡🟢🔵🟣,https://www.youtube.com/watch?v=61cH5RhLjzY,138407,2026-01-01T12:00:11.000Z
UCpEhnqL0y41EpW2TvWAHD7Q,SET India,TV,188000000,184727861049,164222,10,2812.3,252.5,2233,0,0.0171,982.6,gJHBbK_KNYA,क्यों Team CID के लिए Juhi और Preety की गुमशुदगी बनी एक रहस्य? | CID | Full Episode,https://www.youtube.com/watch?v=gJHBbK_KNYA,,2026-01-01T15:45:05.000Z
UCvlE5gTbOvjiolFlEm-c_Ow,Vlad and Niki,Kids,148000000,116806165449,980,10,4585731.8,3267425.5,1700.5,3.56,0.0023,789.23,ZzlK-R5Graw,Dinosaur Rescue Adventure and other funny stories for kids,https://www.youtube.com/watch?v=ZzlK-R5Graw,899255,2025-12-31T10:01:06.000Z
UCk8GzjMOrta8yxDcKfylJYw,✿ Kids Diana Show,Kids,138000000,121618279639,1513,10,669774.2,524105.5,1025.7,1.11,0.0046,881.29,T7if5vtHnLE,Kids Help Santa with Polar Bears 🐻‍❄️,https://www.youtube.com/watch?v=T7if5vtHnLE,173485,2025-12-31T11:30:24.000Z
UCJ5v_MCY6GNUBTO8-D3XoAg,WWE,Sports,112000000,100936249362,90111,10,143440.5,114549.5,796.4,0.11,0.0375,901.22,6ZbfYblVF3U,"FULL MATCH: Becky Lynch vs. Nia Jax: Raw Day 1, 2024",https://www.youtube.com/watch?v=6ZbfYblVF3U,14393,2026-01-01T14:00:15.000Z
UC-lHJZR3Gqxm24_Vd_AJ5Yw,PewDiePie,Gaming,110000000,29448607108,4654,10,2821468.7,2157586.5,1732.9,17.45,0.0598,267.71,6jYcjNbvqh4,CLOSING A CHAPTER,https://www.youtube.com/watch?v=6jYcjNbvqh4,1636330,2025-12-22T16:15:00.000Z
UCffDXn7ycAzwL2LDlbyWOTw,Canal KondZilla,Music,68000000,40011737778,3466,10,116242.7,23834,113.9,2.82,0.0132,588.41,aFXUylBDTYY,Só prosperidade e fé 🙏🏽🎶 “Beat Que Te Deixa Alerta” em todas as plataformas digitais. 🫵🏽▶️,https://www.youtube.com/watch?v=aFXUylBDTYY,14830,2025-12-24T23:51:59.000Z
UCWOA1ZGywLbqmigxE4Qlvuw,Netflix,Trending,32400000,10630624444,8662,10,1520095.8,112499.5,46,0.72,0.0336,328.11,eAIaQlsMcxA,me to all your spoilers #StrangerThings5,https://www.youtube.com/watch?v=eAIaQlsMcxA,25109,2026-01-01T13:01:11.000Z
UCKqH_9mk1waLgBiL2vT5b9g,VanossGaming,Trending,26000000,16746085856,2179,10,551156.2,488820,1279.7,2.26,0.0463,644.08,KzVLFSCJPFs,BO3 Zombies - Whoever Made This Map Was On Drugs!,https://www.youtube.com/watch?v=KzVLFSCJPFs,260847,2026-01-01T01:30:17.000Z
UCke6I9N4KfC968-yRcd5YRg,SSundee,Trending,25200000,16807962390,3630,10,564816.6,573385,1124.8,1.44,0.0281,666.98,On1IZjZC_-8,I Added The Pennywise Clown Mod in Among Us,https://www.youtube.com/watch?v=On1IZjZC_-8,358957,2025-12-31T22:00:23.000Z
UCKy1dAqELo0zrOtPkf0eTMw,IGN,Trending,19600000,20750731403,176852,10,56002.3,45113.5,355.9,0.11,0.0246,1058.71,Oqr4cEmCDBY,Ranger's Path: National Park Simulator - Official Mission Trailer,https://www.youtube.com/watch?v=Oqr4cEmCDBY,54597,2025-12-31T20:45:54.000Z
UCq6VFHwMzcMXbuKyG7SQYIg,penguinz0,Trending,17600000,12560689690,6778,10,1008571.7,994170.5,2955.7,0.38,0.0507,713.68,GxNwOjCjgNs,New Year's Eve Ball Drop Diaper Madness,https://www.youtube.com/watch?v=GxNwOjCjgNs,590254,2026-01-01T03:00:22.000Z
UCxsk7hqE_CwZWGEJEkGanbA,KreekCraft,Trending,16000000,6473346486,6482,10,1094496.9,884946,5402.3,0.26,0.0203,404.58,zew7ONv2DF4,GREAT MEME RESET COUNTDOWN,https://www.youtube.com/watch?v=zew7ONv2DF4,368822,2026-01-01T06:16:11.000Z
UCi8e0iOVk1fEOogdfu4YgfA,Rotten Tomatoes Trailers,Trending,16000000,13823180285,12818,10,123180.3,89627.5,114.8,0.65,0.0103,863.95,ObarMeTOtsM,Avatar: Fire and Ash Featurette - The Windtraders (2025),https://www.youtube.com/watch?v=ObarMeTOtsM,64165,2025-12-30T18:17:40.000Z
UCm-X6o81nRsXQTmqpyArkBQ,Flamingo,Trending,14200000,12256968968,2753,10,1316712.1,1272890.5,1331,2.01,0.047,863.17,b6PjGXJiB60,Roblox FNAF but my friends betrayed me.,https://www.youtube.com/watch?v=b6PjGXJiB60,1038443,2025-12-31T04:56:12.000Z
UClG8odDC8TS6Zpqk9CGVQiQ,Fortnite,Kids,13400000,3234129224,1909,10,202798.9,215216.5,17.6,0.78,0.0531,241.35,YQjdNjVMM7I,What's your New Year's resolution?,https://www.youtube.com/watch?v=YQjdNjVMM7I,8866,2026-01-01T14:00:01.000Z
UC0eLBYhxW9HC0P9PXQ73mpQ,Cash,Trending,10400000,3012452315,1314,10,426453.4,496404,1042.1,0.89,0.0177,289.66,F7LbUKy9nFc,NOOB vs PRO Cruise Battle in Minecraft!,https://www.youtube.com/watch?v=F7LbUKy9nFc,27800,2026-01-01T15:00:32.000Z
UCVS88tG_NYgxF6Udnx2815Q,Lil Baby Official ,Trending,10300000,11003338781,132,10,903251,459347,127.2,3.13,0.0358,1068.29,QK1zXP0NTeM,Lil Baby - Violation (Official Music Video),https://www.youtube.com/watch?v=QK1zXP0NTeM,219829,2025-12-31T20:57:16.000Z
UChFur_NwVSbUozOcF_F2kMg,Mumbo Jumbo,Trending,9730000,3349862049,2174,10,1948049.8,1759247.5,2040.4,6.87,0.0544,344.28,J41oDT8XD5E,Hermitcraft 11: Episode 7 - ALL the Farms,https://www.youtube.com/watch?v=J41oDT8XD5E,794293,2025-12-31T16:00:27.000Z
UC63anZxfVGHUEmfBAf5w7pw,CaseOh,Trending,9440000,1870870754,2073,10,314485,201670.5,3278.8,0.46,0.0451,198.19,jIqiEQZoALg,Jynxzi Kept Selling Our Runs,https://www.youtube.com/watch?v=jIqiEQZoALg,37920,2026-01-01T02:00:49.000Z
UCsPMNatXCwqyUuJilBT73jg,CaylusBlox,Trending,7950000,2479589068,655,10,1410988.2,1092826.5,3776.3,0.69,0.0197,311.9,ycr3FNkHZ-o,I Opened 100 TOILET LUCKY BLOCKS..,https://www.youtube.com/watch?v=ycr3FNkHZ-o,451969,2026-01-01T00:08:24.000Z
UCFrVj6wBM42y3XuKCAj8n5A,SB737,Trending,4740000,1891980391,2401,10,772782.5,760389,1662.3,9.82,0.0387,399.15,E1s2PeO8B2k,I Went Back for ClownPierce... (Lifesteal SMP),https://www.youtube.com/watch?v=E1s2PeO8B2k,541939,2025-12-31T20:20:56.000Z
UC7yRILFFJ2QZCykymr8LPwA,New Rockstars,Trending,4320000,2124015756,4030,10,300098.8,262259,1078,0.98,0.0332,491.67,BFpQVUs6V5M,FALLOUT 2x03 BREAKDOWN! Easter Eggs & Details You Missed!,https://www.youtube.com/watch?v=BFpQVUs6V5M,45559,2025-12-31T17:25:45.000Z
UCksiqtuWYtN2YluvAQnV2dQ,Doechii,Trending,3170000,1234985125,300,10,6218089.3,163103,93.1,28.91,0.0546,389.59,jBKJbedSrA0,"Doechii - girl, get up. (Feat. SZA)",https://www.youtube.com/watch?v=jBKJbedSrA0,738790,2025-12-30T20:08:40.000Z
UCrM9nTFI3xCUQ3vP8tTlcHg,Chris Jedi,Trending,2860000,2415866223,1,10,9921911.7,4270620.5,198.5,128.2,0.0203,844.71,3g_nhqocOb8,"Anuel AA, Chris Jedi, ROA - NETFLIX AND CHILL",https://www.youtube.com/watch?v=3g_nhqocOb8,611477,2025-12-31T20:00:05.000Z
UCE5mQnNl8Q4H2qcv4ikaXeA,Hulu,Trending,2630000,1019747114,4180,10,167548.2,3678.5,157.7,0.46,0.0317,387.74,4TED13nGxdM,It’s my birthday and I’ll lie if I want too #TellMeLies #Hulu,https://www.youtube.com/watch?v=4TED13nGxdM,3247,2025-12-30T23:00:14.000Z
UCOQfu4KyKnC3Orfiw72asfA,GRUPO5,Trending,2470000,2593921880,434,10,224134.7,40649.5,93.4,0.99,0.0252,1050.17,4Y-NlGufajY,Grupo 5 - Mix Anaconda: No Es Mi Problema / Anaconda (Video Oficial),https://www.youtube.com/watch?v=4Y-NlGufajY,151968,2025-12-30T21:00:07.000Z
UC0032Wkd3aCT4rRi1YOV3gQ,BigGucci Sosa,Trending,2270000,1288135011,603,10,213025.5,45400.5,140.5,27.02,0.0465,567.46,DOcVSCICTLU,Chief Keef -  Harry Potter (Official Music Video),https://www.youtube.com/watch?v=DOcVSCICTLU,354433,2025-12-31T20:00:06.000Z
UC1Myj674wRVXB9I4c6Hm5zA,Apple TV,Trending,2250000,1707631337,3442,10,316925.6,20874,301.9,0.67,0.0256,758.95,o8JDbR-hMEE,Pluribus — Rhea Seehorn The Painter | Inside Look | Apple TV,https://www.youtube.com/watch?v=o8JDbR-hMEE,22241,2025-12-30T19:00:51.000Z
UCgMJGv4cQl8-q71AyFeFmtg,ScreenCrush,Trending,1830000,669761793,2863,10,154532.4,135897,934.1,0.85,0.0394,365.99,1-HoSwL8C1Y,Why Stewie Griffin Had to Change to Save Family Guy,https://www.youtube.com/watch?v=1-HoSwL8C1Y,2428,2026-01-01T14:00:06.000Z
UCF2T5SJP8fKB7eubgvwEDxg,3FS,Trending,1310000,190935973,338,10,566223.7,579392,3293,5.91,0.0781,145.75,HtSvXBTl-_4,BEST OF 3FS 2025,https://www.youtube.com/watch?v=HtSvXBTl-_4,103376,2026-01-01T04:48:46.000Z
UCYXIviXPAaaaU_AOotpXTAw,Revive Music,Trending,1200000,792398656,315,10,165656.3,12169,10427,3.79,0.1133,660.33,zDPNkFaY90g,Party Music 2026 🎉 Club Music Mix 💥 EDM Remixes & Mashups Of Popular Songs 🪩 Dance Music 2026,https://www.youtube.com/watch?v=zDPNkFaY90g,1525,2026-01-01T05:22:41.000Z
UCArg9lH2Q_-_cX0vjQQteUw,Shippiddge,Trending,1130000,230123130,120,10,80739.2,29960,270.3,0.11,0.068,203.65,z8-7T1hBnL8,Would You Like To SAVE? - Starter Squad (Ep.11),https://www.youtube.com/watch?v=z8-7T1hBnL8,470331,2026-01-01T00:03:35.000Z
UC3DlDcaefUYr-1skxaiLxVw,Joxy,Trending,1020000,73827344,289,10,393011,385672.5,36.2,0.2,0.0109,72.38,7vkVyqBjGVA,STEAL A BRAINROT GIVEAWAY LIVE | STEAL A BRAINROT FREE SECRETS + FREE BRAINROT GODS,https://www.youtube.com/watch?v=7vkVyqBjGVA,578306,2025-12-31T23:53:01.000Z
UCkFbAywlXz4W0BCle2eFyUw,3C Films,Trending,732000,296272347,2238,10,94862.6,83893.5,1769.6,1.72,0.0631,404.74,qMZMr6HLdkQ,"Avengers Doomsday Leaks Update, Thor Trailer, Jordan Peele MCU Movie & MORE!!",https://www.youtube.com/watch?v=qMZMr6HLdkQ,63237,2026-01-01T01:06:11.000Z
UCkW0APOYahfOmi9D244hZfg,Michael Jae,Trending,622000,225115933,1368,10,54265.5,27976.5,244.2,0.22,0.0486,361.92,XtdcjydPrYo,NEW Stranger Things Volume 3 Trailer Breakdown! (Everything You Missed),https://www.youtube.com/watch?v=XtdcjydPrYo,161790,2025-12-31T01:25:04.000Z
UCGaE6BmH_h2eOo12binZ2Tg,BrainPilot,Trending,338000,172827257,1940,10,146877,112189.5,685.9,1.26,0.0272,511.32,lwT8oLtU5Y4,STRANGER THINGS Season 5 Finale Ending Explained,https://www.youtube.com/watch?v=lwT8oLtU5Y4,210445,2026-01-01T05:01:34.000Z
UCT-jy9QrGxs7ohPUk3LNrLA,Movie Freezes,Trending,223000,13621939,438,10,9417.6,1591,47.2,1.09,0.0242,61.08,lZd_5B7rS40,THE THING & NEW BLACK PANTHER In Avengers Doomsday NEW TRAILER LEAKED FOOTAGE | TRAILER 4 LEAKED,https://www.youtube.com/watch?v=lZd_5B7rS40,60,2026-01-01T12:50:10.000Z
UCRmSpyKrZguX172X6dinWDQ,MUSICANA,Trending,198000,306086458,516,10,65380.2,2014,226.5,1.22,0.004,1545.89,J9SoCbo75gU,Tony Camargo - El Año Viejo | Letra,https://www.youtube.com/watch?v=J9SoCbo75gU,628624,2025-12-31T16:00:36.000Z
UCa2MXjBtWn91WPHWRBCLI6Q,Teaser Universe,Trending,180000,94609091,340,10,175714.8,198555.5,69.1,0.68,0.0162,525.61,j7gNEj4Np2g,Forza Horizon 6: Japan - First Trailer | Xbox Exclusive,https://www.youtube.com/watch?v=j7gNEj4Np2g,88,2026-01-01T14:30:44.000Z
UCdIGJ48YH98rTt37mx-UsNQ,TeaserCon,Trending,156000,59155883,336,10,622211.7,425980,78.1,1.13,0.0126,379.2,18LE_-DHa5Y,SPIDER-MAN: BRAND NEW DAY (2026) | New Trailer | Marvel Comics | Concept,https://www.youtube.com/watch?v=18LE_-DHa5Y,9799,2026-01-01T13:01:18.000Z
UCKMdARI1yd1mH_YNQQmEAJQ,Mex Spicy,Trending,101000,99069653,604,10,28279.7,1550.5,225.1,1,0.013,980.89,fOO2BByD2DM,"Shakira - Ciega, Sordomuda (Letra/Lyrics)",https://www.youtube.com/watch?v=fOO2BByD2DM,249,2025-12-31T19:00:50.000Z
UC2edV1sW2gCOk-K1vlsKkvQ,Jingle Bell Tunes,Trending,63300,24399937,109,10,28575.6,1107.5,1649.2,0.26,0.0184,385.47,haj1I14EV5s,"Billboard Pop Songs 2025 Playlist ✨Ed Sheeran, The Weeknd, Bruno Mars, Rihanna, Sia, Adele, Dua Lipa",https://www.youtube.com/watch?v=haj1I14EV5s,105,2025-12-31T04:06:29.000Z
UCSkgN6JxJCCQNDxaNgrR8fA,Uncle Murda - Topic,Trending,48200,39841527,416,10,78283.6,80399.5,370.6,37.99,0.0318,826.59,h1G0kWwajOI,Rap Up 2025,https://www.youtube.com/watch?v=h1G0kWwajOI,16932,2026-01-01T03:33:47.000Z
UCOgH4lPgjzSb5_ia3w4sPAA,Bélico Mx,Trending,19400,23428494,233,10,17464.4,1268,154.6,0.56,0.0052,1207.65,7yXO5A5397s,"Matisse, Carin Leon - Como Lo Hice Yo (Letra)",https://www.youtube.com/watch?v=7yXO5A5397s,588,2025-12-31T17:00:06.000Z
UCX3AgcHSTUg1hSNxlrJ4kpQ,10Percent,Trending,16200,5023132,64,10,9863.8,1858,58.6,15.61,0.035,310.07,zs6LVDOzG1M,🤮🤮🤮🎇🎆 Happy New Years #2FdUp Out Now!,https://www.youtube.com/watch?v=zs6LVDOzG1M,1333,2026-01-01T06:17:03.000Z
UCALTH_FFoBp4CZV_PDVF5Xw,Kintsugi Sonar,Trending,2110,7426978,69,10,63981.5,1548,214.6,0.62,0.0049,3519.89,fyaMbTk_6CM,Kany García - Duele Menos (Letra),https://www.youtube.com/watch?v=fyaMbTk_6CM,6,2026-01-01T13:01:14.000Z